[
  {
    "description": "  As a user Login to flipkart application\n  Verifying it prevents the unauthorized access",
    "elements": [
      {
        "id": "opencart-operations;login-opencart",
        "keyword": "Scenario",
        "line": 5,
        "name": "Login Opencart",
        "steps": [
          {
            "arguments": [],
            "keyword": "Given ",
            "name": "Application is open",
            "result": {
              "status": "passed",
              "duration": 14628189284
            },
            "line": 6,
            "match": {
              "location": "C:\\Cucumber_FW\\protractor-cucumber-example-master\\features\\steps\\steps.js:12"
            }
          },
          {
            "arguments": [],
            "keyword": "When ",
            "name": "Enter credentials",
            "result": {
              "status": "passed",
              "duration": 2876174
            },
            "line": 7,
            "match": {
              "location": "C:\\Cucumber_FW\\protractor-cucumber-example-master\\features\\steps\\steps.js:19"
            }
          },
          {
            "arguments": [],
            "keyword": "Then ",
            "name": "Verify Login",
            "result": {
              "status": "passed",
              "duration": 859389857
            },
            "line": 8,
            "match": {
              "location": "C:\\Cucumber_FW\\protractor-cucumber-example-master\\features\\steps\\steps.js:27"
            }
          }
        ],
        "tags": [],
        "type": "scenario"
      }
    ],
    "id": "opencart-operations",
    "keyword": "Feature",
    "line": 1,
    "name": "Opencart Operations",
    "tags": [],
    "uri": "C:\\Cucumber_FW\\protractor-cucumber-example-master\\features\\opencart.feature"
  }
]